Invoice_ID,Project_ID,Subcontractor_Name,Trade_Type,Billed_Amount,Billed_Hours,Invoice_Date,Status
INV-356787,PROJ-2024-001,Elite Electric Co.,Electrical,4622.09,86,2025-08-20,Paid
INV-334053,PROJ-2024-001,Elite Electric Co.,Electrical,4767.81,86,08/23/2025,Paid
INV-246316,PROJ-2024-001,Elite Electric Co.,Electrical,5080.09,86,2025-08-06,Paid
INV-872246,PROJ-2024-001,Elite Electric Co.,Electrical,5293.95,86,2025-08-05,Paid
INV-876646,PROJ-2024-001,Flow State Plumbing,Plumbing,29562.1,536,2025-08-21,Paid
INV-671858,PROJ-2024-001,Flow State Plumbing,Plumbing,28833.77,536,2025-08-15,Paid
INV-542417,PROJ-2024-001,Climate Control Inc.,HVAC,31360.58,443,2025-09-15,Paid
INV-133326,PROJ-2024-001,Climate Control Inc.,HVAC,31189.96,443,2025-08-22,Paid
INV-131244,PROJ-2024-001,Climate Control Inc.,HVAC,31615.43,443,2025-08-19,Paid
INV-343962,PROJ-2024-001,Premier Framing LLC,Framing,18772.92,308,2025-09-20,Paid
INV-629903,PROJ-2024-001,Premier Framing LLC,Framing,18686.43,308,2025-08-29,Paid
INV-688508,PROJ-2024-001,Rock Solid Pour,Concrete,72302.69,1040,2025-08-21,Paid
INV-308496,PROJ-2024-001,Rock Solid Pour,Concrete,72553.21,1040,2025-08-10,Paid
INV-539898,PROJ-2024-001,Smooth Walls Inc.,Drywall,29726.41,391,2025-09-08,Paid
INV-331148,PROJ-2024-001,Smooth Walls Inc.,Drywall,29142.01,391,2025-09-13,Paid
INV-571029,PROJ-2024-001,Smooth Walls Inc.,Drywall,29899.12,391,2025-08-31,Paid
INV-717889,PROJ-2024-001,Smooth Walls Inc.,Drywall,30084.34,391,2025-09-12,Pending
INV-895667,PROJ-2024-001,WeatherGuard Roofs,Roofing,38168.02,520,2025-08-04,Paid
INV-944962,PROJ-2024-001,WeatherGuard Roofs,Roofing,38004.46,520,2025-07-27,Paid
INV-267414,PROJ-2024-001,WeatherGuard Roofs,Roofing,38237.18,520,2025-08-17,Paid
INV-832052,PROJ-2024-001,WeatherGuard Roofs,Roofing,37484.27,520,2025-08-19,Paid
INV-391369,PROJ-2024-001,Stonecraft Masonry,Masonry,39431.15,597,2025-08-05,Paid
INV-263032,PROJ-2024-001,Stonecraft Masonry,Masonry,39633.41,597,2025-07-21,Paid
INV-325772,PROJ-2024-001,Stonecraft Masonry,Masonry,39276.9,597,2025-08-11,Pending
INV-900581,PROJ-2024-001,Stonecraft Masonry,Masonry,39241.57,597,2025-08-06,Paid
INV-498382,PROJ-2024-002,Elite Electric Co.,Electrical,56234.51,1128,2025-09-20,Paid
INV-201414,PROJ-2024-002,Elite Electric Co.,Electrical,56887.0,1128,2025-09-01,Pending
INV-733052,PROJ-2024-002,Flow State Plumbing,Plumbing,11945.0,180,2025-08-26,Paid
INV-377370,PROJ-2024-002,Flow State Plumbing,Plumbing,11483.78,180,2025-08-19,Paid
INV-946335,PROJ-2024-002,Flow State Plumbing,Plumbing,11617.45,180,2025-08-12,Paid
INV-145561,PROJ-2024-002,Flow State Plumbing,Plumbing,12004.43,180,2025-09-03,Paid
INV-230889,PROJ-2024-002,AirTech Pros,HVAC,11791.26,143,2025-10-13,Pending
INV-496922,PROJ-2024-002,AirTech Pros,HVAC,11191.81,143,2025-10-13,Paid
INV-407419,PROJ-2024-002,Solid Structure Framing,Framing,26066.49,364,08/23/2025,Paid
INV-969693,PROJ-2024-002,Solid Structure Framing,Framing,25914.93,364,09/12/2025,Paid
INV-479201,PROJ-2024-002,Concrete Kings,Concrete,5743.15,94,2025-09-06,Pending
INV-705397,PROJ-2024-002,Concrete Kings,Concrete,5705.24,94,,Paid
INV-301629,PROJ-2024-002,Concrete Kings,Concrete,5827.52,94,2025-08-21,Paid
INV-838797,PROJ-2024-002,Concrete Kings,Concrete,6268.76,94,2025-09-01,Paid
INV-793384,PROJ-2024-002,Smooth Walls Inc.,Drywall,3459.74,57,2025-08-28,Paid
INV-338968,PROJ-2024-002,Smooth Walls Inc.,Drywall,4094.49,57,2025-08-27,Paid
INV-910620,PROJ-2024-002,Smooth Walls Inc.,Drywall,4208.06,57,,Paid
INV-403445,PROJ-2024-002,Smooth Walls Inc.,Drywall,3655.42,57,2025-08-15,Pending
INV-205907,PROJ-2024-002,Top Tier Roofing,Roofing,17090.31,246,2025-09-23,Paid
INV-498591,PROJ-2024-002,Top Tier Roofing,Roofing,16577.76,246,,Paid
INV-391476,PROJ-2024-002,Top Tier Roofing,Roofing,16949.87,246,2025-10-01,Paid
INV-974628,PROJ-2024-002,Stonecraft Masonry,Masonry,13414.43,176,2025-09-11,Paid
INV-482554,PROJ-2024-002,Stonecraft Masonry,Masonry,13845.35,176,2025-09-26,Pending
INV-319684,PROJ-2024-003,Elite Electric Co.,Electrical,30445.76,432,2025-09-14,Pending
INV-802729,PROJ-2024-003,Elite Electric Co.,Electrical,30507.05,432,2025-10-05,Pending
INV-379946,PROJ-2024-003,Elite Electric Co.,Electrical,30478.66,432,2025-10-12,Paid
INV-835911,PROJ-2024-003,Elite Electric Co.,Electrical,29963.08,432,2025-09-21,Paid
INV-174870,PROJ-2024-003,Pipe Masters,Plumbing,21325.38,422,2025-09-28,Paid
INV-738720,PROJ-2024-003,Pipe Masters,Plumbing,21167.2,422,2025-10-03,Paid
INV-765822,PROJ-2024-003,Pipe Masters,Plumbing,22078.93,422,2025-09-28,Paid
INV-864544,PROJ-2024-003,AirTech Pros,HVAC,15695.18,194,2025-08-21,Paid
INV-356702,PROJ-2024-003,AirTech Pros,HVAC,15098.83,194,2025-08-08,Paid
INV-497887,PROJ-2024-003,Solid Structure Framing,Framing,4103.4,48,2025-07-15,Paid
INV-383060,PROJ-2024-003,Solid Structure Framing,Framing,3581.57,48,2025-08-04,Paid
INV-771088,PROJ-2024-003,Solid Structure Framing,Framing,4195.75,48,2025-07-27,Paid
INV-821590,PROJ-2024-003,Solid Structure Framing,Framing,3661.46,48,2025-07-16,Pending
INV-817870,PROJ-2024-003,Rock Solid Pour,Concrete,15618.77,253,2025-09-28,Paid
INV-440035,PROJ-2024-003,Rock Solid Pour,Concrete,16063.92,253,2025-09-10,Paid
INV-983794,PROJ-2024-003,Rock Solid Pour,Concrete,16223.5,253,2025-09-17,Paid
INV-905635,PROJ-2024-003,Rock Solid Pour,Concrete,15552.43,253,2025-09-17,Paid
INV-961722,PROJ-2024-003,Drywall Dash,Drywall,24071.55,331,2025-09-20,Paid
INV-133659,PROJ-2024-003,Drywall Dash,Drywall,24422.86,331,09/04/2025,Paid
INV-944151,PROJ-2024-003,Drywall Dash,Drywall,24476.01,331,2025-09-23,Paid
INV-430776,PROJ-2024-003,Drywall Dash,Drywall,23921.1,331,09/12/2025,Pending
INV-169403,PROJ-2024-003,WeatherGuard Roofs,Roofing,11422.06,180,2025-09-20,Pending
INV-321231,PROJ-2024-003,WeatherGuard Roofs,Roofing,11469.99,180,2025-09-25,Paid
INV-694731,PROJ-2024-003,WeatherGuard Roofs,Roofing,11772.99,180,2025-10-02,Paid
INV-787277,PROJ-2024-003,Stonecraft Masonry,Masonry,18939.23,369,2025-08-27,Paid
INV-623481,PROJ-2024-003,Stonecraft Masonry,Masonry,19215.72,369,2025-08-15,Paid
INV-514850,PROJ-2024-003,Stonecraft Masonry,Masonry,19221.0,369,2025-08-23,Pending
INV-246413,PROJ-2024-004,Elite Electric Co.,Electrical,74567.66,1018,2025-09-23,Disputed
INV-358607,PROJ-2024-004,Elite Electric Co.,Electrical,74514.08,1018,2025-10-10,Pending
INV-375504,PROJ-2024-004,Flow State Plumbing,Plumbing,10998.89,175,2025-09-18,Paid
INV-883300,PROJ-2024-004,Flow State Plumbing,Plumbing,11123.39,175,2025-09-24,Paid
INV-712982,PROJ-2024-004,Flow State Plumbing,Plumbing,10993.19,175,2025-10-11,Paid
INV-549245,PROJ-2024-004,Flow State Plumbing,Plumbing,10869.0,175,2025-10-01,Pending
INV-479580,PROJ-2024-004,Climate Control Inc.,HVAC,60061.84,803,2025-09-16,Paid
INV-329974,PROJ-2024-004,Climate Control Inc.,HVAC,59742.91,803,,Paid
INV-617488,PROJ-2024-004,Premier Framing LLC,Framing,49945.75,880,2025-10-08,Paid
INV-195325,PROJ-2024-004,Premier Framing LLC,Framing,49941.73,880,2025-09-29,Paid
INV-260265,PROJ-2024-004,Concrete Kings,Concrete,40064.15,593,10/12/2025,Paid
INV-757924,PROJ-2024-004,Concrete Kings,Concrete,40057.79,593,2025-10-15,Pending
INV-267753,PROJ-2024-004,Concrete Kings,Concrete,39720.74,593,2025-09-23,Paid
INV-930555,PROJ-2024-004,Concrete Kings,Concrete,40021.08,593,10/07/2025,Paid
INV-725380,PROJ-2024-004,Drywall Dash,Drywall,42596.16,801,2025-10-13,Paid
INV-166613,PROJ-2024-004,Drywall Dash,Drywall,42557.91,801,2025-10-16,Paid
INV-503457,PROJ-2024-004,Drywall Dash,Drywall,42319.91,801,2025-10-12,Pending
INV-590785,PROJ-2024-004,WeatherGuard Roofs,Roofing,45336.4,785,10/17/2025,Paid
INV-654816,PROJ-2024-004,WeatherGuard Roofs,Roofing,44765.11,785,2025-10-21,Paid
INV-363626,PROJ-2024-004,WeatherGuard Roofs,Roofing,45433.51,785,,Paid
INV-813328,PROJ-2024-004,Brick By Brick,Masonry,23272.06,323,,Paid
INV-855731,PROJ-2024-004,Brick By Brick,Masonry,23451.08,323,2025-10-30,Paid
INV-220116,PROJ-2024-004,Brick By Brick,Masonry,23329.63,323,2025-10-24,Paid
INV-814825,PROJ-2024-004,Brick By Brick,Masonry,23170.41,323,2025-10-28,Paid
INV-456699,PROJ-2024-005,Elite Electric Co.,Electrical,10877.34,156,2025-10-19,Paid
INV-216970,PROJ-2024-005,Elite Electric Co.,Electrical,11484.84,156,2025-11-05,Paid
INV-407757,PROJ-2024-005,Elite Electric Co.,Electrical,11474.23,156,2025-11-11,Paid
INV-555884,PROJ-2024-005,Elite Electric Co.,Electrical,10789.08,156,2025-10-16,Paid
INV-103402,PROJ-2024-005,Flow State Plumbing,Plumbing,23780.8,436,2025-11-01,Paid
INV-857168,PROJ-2024-005,Flow State Plumbing,Plumbing,24655.85,436,2025-11-03,Paid
INV-854639,PROJ-2024-005,Flow State Plumbing,Plumbing,24313.04,436,2025-10-28,Paid
INV-898975,PROJ-2024-005,AirTech Pros,HVAC,39557.63,637,2025-10-21,Paid
INV-287330,PROJ-2024-005,AirTech Pros,HVAC,39257.95,637,2025-10-06,Paid
INV-632342,PROJ-2024-005,AirTech Pros,HVAC,39006.04,637,2025-10-25,Paid
INV-412942,PROJ-2024-005,Solid Structure Framing,Framing,28002.56,486,2025-09-26,Paid
INV-982554,PROJ-2024-005,Solid Structure Framing,Framing,27755.88,486,2025-09-22,Paid
INV-738551,PROJ-2024-005,Rock Solid Pour,Concrete,45362.89,874,2025-10-25,Paid
INV-308573,PROJ-2024-005,Rock Solid Pour,Concrete,45346.52,874,2025-10-22,Paid
INV-260263,PROJ-2024-005,Rock Solid Pour,Concrete,45114.14,874,10/30/2025,Paid
INV-665579,PROJ-2024-005,Drywall Dash,Drywall,25411.99,497,2025-10-21,Paid
INV-916449,PROJ-2024-005,Drywall Dash,Drywall,25258.67,497,2025-11-07,Paid
INV-656116,PROJ-2024-005,Drywall Dash,Drywall,25374.49,497,2025-10-31,Paid
INV-100599,PROJ-2024-005,Drywall Dash,Drywall,25060.77,497,2025-11-06,Paid
INV-612340,PROJ-2024-005,Top Tier Roofing,Roofing,14946.08,214,2025-10-12,Disputed
INV-120422,PROJ-2024-005,Top Tier Roofing,Roofing,14623.96,214,2025-10-01,Pending
INV-217301,PROJ-2024-005,Top Tier Roofing,Roofing,14984.59,214,2025-09-29,Paid
INV-480612,PROJ-2024-005,Top Tier Roofing,Roofing,14889.87,214,2025-09-23,Paid
INV-160738,PROJ-2024-005,Brick By Brick,Masonry,19533.5,278,2025-09-04,Paid
INV-352572,PROJ-2024-005,Brick By Brick,Masonry,20215.0,278,09/10/2025,Pending
INV-694916,PROJ-2024-005,Brick By Brick,Masonry,19376.72,278,2025-09-09,Pending
INV-182582,PROJ-2024-005,Brick By Brick,Masonry,20057.47,278,2025-09-14,Disputed
INV-897549,PROJ-2024-006,Elite Electric Co.,Electrical,20423.01,384,2025-09-23,Paid
INV-658582,PROJ-2024-006,Elite Electric Co.,Electrical,20860.94,384,2025-09-12,Pending
INV-903035,PROJ-2024-006,Elite Electric Co.,Electrical,20933.12,384,2025-09-30,Paid
INV-231869,PROJ-2024-006,Elite Electric Co.,Electrical,20698.32,384,2025-09-12,Paid
INV-598369,PROJ-2024-006,Flow State Plumbing,Plumbing,19580.67,336,2025-08-05,Paid
INV-676510,PROJ-2024-006,Flow State Plumbing,Plumbing,20525.43,336,2025-07-26,Paid
INV-273148,PROJ-2024-006,Flow State Plumbing,Plumbing,19574.04,336,2025-07-28,Paid
INV-377932,PROJ-2024-006,Flow State Plumbing,Plumbing,20382.06,336,2025-07-30,Paid
INV-543692,PROJ-2024-006,Climate Control Inc.,HVAC,5029.01,100,2025-09-09,Paid
INV-322086,PROJ-2024-006,Climate Control Inc.,HVAC,5265.35,100,2025-08-29,Paid
INV-665492,PROJ-2024-006,Climate Control Inc.,HVAC,5566.15,100,2025-08-26,Paid
INV-518373,PROJ-2024-006,Solid Structure Framing,Framing,39396.74,542,2025-09-04,Pending
INV-804314,PROJ-2024-006,Solid Structure Framing,Framing,39061.2,542,2025-09-25,Paid
INV-781446,PROJ-2024-006,Solid Structure Framing,Framing,39495.25,542,2025-09-19,Paid
INV-491559,PROJ-2024-006,Solid Structure Framing,Framing,39385.87,542,2025-09-24,Paid
INV-573417,PROJ-2024-006,Concrete Kings,Concrete,13135.12,193,2025-09-05,Paid
INV-226882,PROJ-2024-006,Concrete Kings,Concrete,13435.06,193,2025-09-03,Paid
INV-359947,PROJ-2024-006,Concrete Kings,Concrete,13149.61,193,2025-08-23,Disputed
INV-335612,PROJ-2024-006,Concrete Kings,Concrete,13419.41,193,2025-08-09,Paid
INV-122056,PROJ-2024-006,Drywall Dash,Drywall,4495.6,59,,Paid
INV-716886,PROJ-2024-006,Drywall Dash,Drywall,4119.31,59,2025-08-16,Pending
INV-680828,PROJ-2024-006,Drywall Dash,Drywall,4566.96,59,2025-09-06,Paid
INV-341292,PROJ-2024-006,Drywall Dash,Drywall,3986.36,59,2025-08-23,Paid
INV-107540,PROJ-2024-006,Top Tier Roofing,Roofing,18973.35,306,2025-08-02,Paid
INV-174441,PROJ-2024-006,Top Tier Roofing,Roofing,19671.66,306,2025-08-01,Paid
INV-842225,PROJ-2024-006,Top Tier Roofing,Roofing,19136.33,306,2025-07-17,Pending
INV-340062,PROJ-2024-006,Stonecraft Masonry,Masonry,21779.32,410,2025-09-14,Paid
INV-170674,PROJ-2024-006,Stonecraft Masonry,Masonry,21470.15,410,,Paid
INV-132938,PROJ-2024-006,Stonecraft Masonry,Masonry,21314.61,410,2025-09-16,Paid
INV-446479,PROJ-2024-006,Stonecraft Masonry,Masonry,20958.6,410,2025-09-26,Pending
INV-392004,PROJ-2024-007,Voltage Vanguard,Electrical,48389.64,861,2025-08-17,Paid
INV-801474,PROJ-2024-007,Voltage Vanguard,Electrical,48370.15,861,2025-09-14,Pending
INV-608993,PROJ-2024-007,Voltage Vanguard,Electrical,49222.34,861,2025-09-11,Paid
INV-238739,PROJ-2024-007,Flow State Plumbing,Plumbing,31449.96,444,2025-09-10,Paid
INV-858490,PROJ-2024-007,Flow State Plumbing,Plumbing,31779.93,444,2025-09-15,Disputed
INV-698782,PROJ-2024-007,Flow State Plumbing,Plumbing,31775.91,444,2025-09-18,Paid
INV-354801,PROJ-2024-007,AirTech Pros,HVAC,35226.37,445,,Paid
INV-922733,PROJ-2024-007,AirTech Pros,HVAC,35269.39,445,2025-08-17,Paid
INV-595948,PROJ-2024-007,AirTech Pros,HVAC,34768.13,445,2025-08-03,Paid
INV-946721,PROJ-2024-007,AirTech Pros,HVAC,35423.6,445,2025-07-24,Disputed
INV-198907,PROJ-2024-007,Solid Structure Framing,Framing,58691.37,1110,2025-07-29,Paid
INV-201639,PROJ-2024-007,Solid Structure Framing,Framing,59087.25,1110,2025-07-31,Paid
INV-471507,PROJ-2024-007,Concrete Kings,Concrete,22455.81,400,2025-07-31,Paid
INV-544154,PROJ-2024-007,Concrete Kings,Concrete,22633.16,400,08/25/2025,Paid
INV-531071,PROJ-2024-007,Concrete Kings,Concrete,22597.74,400,2025-08-04,Pending
INV-589710,PROJ-2024-007,Concrete Kings,Concrete,22429.19,400,2025-08-15,Paid
INV-785197,PROJ-2024-007,Drywall Dash,Drywall,22192.93,324,2025-09-07,Pending
INV-777568,PROJ-2024-007,Drywall Dash,Drywall,21989.77,324,2025-08-24,Paid
INV-203198,PROJ-2024-007,Drywall Dash,Drywall,22267.83,324,2025-08-31,Paid
INV-863587,PROJ-2024-007,WeatherGuard Roofs,Roofing,52970.19,872,2025-08-26,Paid
INV-455784,PROJ-2024-007,WeatherGuard Roofs,Roofing,53830.25,872,2025-08-03,Paid
INV-300896,PROJ-2024-007,Stonecraft Masonry,Masonry,20002.97,264,2025-10-10,Paid
INV-299448,PROJ-2024-007,Stonecraft Masonry,Masonry,20498.6,264,2025-10-05,Paid
INV-662336,PROJ-2024-007,Stonecraft Masonry,Masonry,20225.42,264,2025-09-24,Pending
INV-570405,PROJ-2024-007,Stonecraft Masonry,Masonry,20273.05,264,2025-09-14,Paid
INV-392075,PROJ-2024-008,Elite Electric Co.,Electrical,53502.12,770,2025-08-12,Paid
INV-585100,PROJ-2024-008,Elite Electric Co.,Electrical,53231.89,770,2025-07-24,Paid
INV-564656,PROJ-2024-008,Pipe Masters,Plumbing,14025.27,206,2025-08-23,Paid
INV-947272,PROJ-2024-008,Pipe Masters,Plumbing,13241.27,206,08/06/2025,Paid
INV-153045,PROJ-2024-008,AirTech Pros,HVAC,17359.19,250,2025-09-05,Paid
INV-783823,PROJ-2024-008,AirTech Pros,HVAC,17237.7,250,2025-08-21,Paid
INV-666847,PROJ-2024-008,AirTech Pros,HVAC,17133.7,250,08/23/2025,Pending
INV-890170,PROJ-2024-008,Premier Framing LLC,Framing,37178.43,638,2025-09-15,Paid
INV-989921,PROJ-2024-008,Premier Framing LLC,Framing,37810.09,638,2025-08-30,Paid
INV-347861,PROJ-2024-008,Premier Framing LLC,Framing,37261.38,638,2025-09-20,Paid
INV-609231,PROJ-2024-008,Rock Solid Pour,Concrete,59054.34,942,2025-08-09,Pending
INV-604740,PROJ-2024-008,Rock Solid Pour,Concrete,58542.08,942,2025-08-10,Paid
INV-161483,PROJ-2024-008,Drywall Dash,Drywall,28894.81,473,2025-07-31,Paid
INV-272634,PROJ-2024-008,Drywall Dash,Drywall,29739.01,473,2025-07-27,Paid
INV-497382,PROJ-2024-008,Drywall Dash,Drywall,28978.06,473,2025-08-20,Paid
INV-378085,PROJ-2024-008,Top Tier Roofing,Roofing,9836.6,132,2025-09-07,Disputed
INV-922157,PROJ-2024-008,Top Tier Roofing,Roofing,9344.57,132,2025-09-11,Paid
INV-923267,PROJ-2024-008,Top Tier Roofing,Roofing,9785.03,132,2025-09-07,Paid
INV-577110,PROJ-2024-008,Top Tier Roofing,Roofing,9250.5,132,2025-09-19,Pending
INV-830429,PROJ-2024-008,Stonecraft Masonry,Masonry,27390.14,340,2025-09-05,Paid
INV-865990,PROJ-2024-008,Stonecraft Masonry,Masonry,27087.75,340,2025-09-20,Paid
INV-921414,PROJ-2024-008,Stonecraft Masonry,Masonry,26886.44,340,2025-09-06,Pending
INV-682765,PROJ-2024-008,Stonecraft Masonry,Masonry,26940.46,340,2025-08-26,Paid
INV-411120,PROJ-2024-009,Elite Electric Co.,Electrical,32161.86,405,2025-10-28,Paid
INV-328275,PROJ-2024-009,Elite Electric Co.,Electrical,32421.75,405,2025-10-12,Paid
INV-161324,PROJ-2024-009,Elite Electric Co.,Electrical,32026.44,405,2025-10-30,Pending
INV-707314,PROJ-2024-009,Elite Electric Co.,Electrical,32107.81,405,2025-10-03,Paid
INV-884309,PROJ-2024-009,Pipe Masters,Plumbing,66634.51,1126,2025-10-22,Paid
INV-428838,PROJ-2024-009,Pipe Masters,Plumbing,66991.45,1126,2025-10-09,Paid
INV-712554,PROJ-2024-009,Climate Control Inc.,HVAC,27490.47,534,2025-08-27,Paid
INV-599948,PROJ-2024-009,Climate Control Inc.,HVAC,27261.37,534,2025-09-17,Pending
INV-627276,PROJ-2024-009,Climate Control Inc.,HVAC,27366.89,534,2025-08-29,Paid
INV-159642,PROJ-2024-009,Solid Structure Framing,Framing,12149.7,220,2025-08-31,Paid
INV-632496,PROJ-2024-009,Solid Structure Framing,Framing,11944.67,220,2025-08-19,Disputed
INV-184002,PROJ-2024-009,Solid Structure Framing,Framing,12073.34,220,2025-08-17,Pending
INV-723939,PROJ-2024-009,Rock Solid Pour,Concrete,22262.07,376,2025-10-15,Paid
INV-171262,PROJ-2024-009,Rock Solid Pour,Concrete,21941.4,376,10/20/2025,Paid
INV-808011,PROJ-2024-009,Rock Solid Pour,Concrete,22311.98,376,2025-09-29,Paid
INV-346629,PROJ-2024-009,Rock Solid Pour,Concrete,21974.16,376,2025-10-04,Pending
INV-697347,PROJ-2024-009,Smooth Walls Inc.,Drywall,74130.5,1308,11/03/2025,Paid
INV-358175,PROJ-2024-009,Smooth Walls Inc.,Drywall,74559.32,1308,,Pending
INV-141672,PROJ-2024-009,WeatherGuard Roofs,Roofing,31679.05,586,2025-09-17,Paid
INV-749468,PROJ-2024-009,WeatherGuard Roofs,Roofing,31446.1,586,10/11/2025,Paid
INV-185965,PROJ-2024-009,WeatherGuard Roofs,Roofing,31341.63,586,2025-09-13,Paid
INV-539589,PROJ-2024-009,WeatherGuard Roofs,Roofing,31869.4,586,2025-10-04,Paid
INV-692683,PROJ-2024-009,Stonecraft Masonry,Masonry,17503.21,231,2025-10-17,Paid
INV-648177,PROJ-2024-009,Stonecraft Masonry,Masonry,17546.94,231,2025-10-18,Paid
INV-802258,PROJ-2024-010,Voltage Vanguard,Electrical,7421.25,107,10/16/2025,Paid
INV-850981,PROJ-2024-010,Voltage Vanguard,Electrical,6564.16,107,2025-10-21,Paid
INV-429445,PROJ-2024-010,Voltage Vanguard,Electrical,6651.58,107,2025-10-22,Paid
INV-350280,PROJ-2024-010,Voltage Vanguard,Electrical,7093.93,107,,Pending
INV-237235,PROJ-2024-010,Pipe Masters,Plumbing,63925.07,913,2025-10-21,Paid
INV-804318,PROJ-2024-010,Pipe Masters,Plumbing,64821.46,913,,Paid
INV-579434,PROJ-2024-010,Climate Control Inc.,HVAC,24371.88,332,2025-09-21,Paid
INV-431535,PROJ-2024-010,Climate Control Inc.,HVAC,23959.18,332,2025-10-06,Disputed
INV-580547,PROJ-2024-010,Solid Structure Framing,Framing,36911.98,610,2025-10-09,Paid
INV-751332,PROJ-2024-010,Solid Structure Framing,Framing,37392.45,610,10/08/2025,Paid
INV-690341,PROJ-2024-010,Solid Structure Framing,Framing,37175.44,610,2025-09-22,Paid
INV-663750,PROJ-2024-010,Rock Solid Pour,Concrete,58816.06,932,2025-11-04,Paid
INV-323508,PROJ-2024-010,Rock Solid Pour,Concrete,58910.54,932,2025-11-01,Paid
INV-238890,PROJ-2024-010,Smooth Walls Inc.,Drywall,8348.67,138,2025-10-27,Paid
INV-465962,PROJ-2024-010,Smooth Walls Inc.,Drywall,7537.54,138,10/04/2025,Paid
INV-172132,PROJ-2024-010,Smooth Walls Inc.,Drywall,7513.29,138,2025-10-18,Paid
INV-356150,PROJ-2024-010,Smooth Walls Inc.,Drywall,7517.6,138,2025-10-13,Paid
INV-265409,PROJ-2024-010,WeatherGuard Roofs,Roofing,21821.65,312,2025-08-27,Pending
INV-559469,PROJ-2024-010,WeatherGuard Roofs,Roofing,21171.82,312,2025-08-11,Paid
INV-741390,PROJ-2024-010,Brick By Brick,Masonry,54423.98,716,2025-09-12,Paid
INV-946305,PROJ-2024-010,Brick By Brick,Masonry,54185.93,716,09/13/2025,Paid
INV-785743,PROJ-2024-010,Brick By Brick,Masonry,54516.16,716,2025-09-03,Paid
INV-956795,PROJ-2024-011,Voltage Vanguard,Electrical,58195.74,816,2025-10-04,Paid
INV-681542,PROJ-2024-011,Voltage Vanguard,Electrical,58756.68,816,2025-10-16,Paid
INV-413921,PROJ-2024-011,Voltage Vanguard,Electrical,58007.75,816,2025-10-10,Paid
INV-240814,PROJ-2024-011,Pipe Masters,Plumbing,31137.66,469,2025-09-30,Pending
INV-377312,PROJ-2024-011,Pipe Masters,Plumbing,30517.18,469,2025-09-29,Paid
INV-221035,PROJ-2024-011,Pipe Masters,Plumbing,30411.37,469,2025-09-18,Pending
INV-212235,PROJ-2024-011,Pipe Masters,Plumbing,31144.73,469,2025-10-03,Paid
INV-395442,PROJ-2024-011,AirTech Pros,HVAC,32935.8,650,2025-10-20,Paid
INV-734210,PROJ-2024-011,AirTech Pros,HVAC,33161.12,650,2025-10-13,Paid
INV-320861,PROJ-2024-011,AirTech Pros,HVAC,32816.64,650,2025-10-21,Paid
INV-852470,PROJ-2024-011,AirTech Pros,HVAC,32983.65,650,2025-10-27,Paid
INV-820892,PROJ-2024-011,Premier Framing LLC,Framing,19939.05,279,2025-09-11,Paid
INV-765046,PROJ-2024-011,Premier Framing LLC,Framing,20417.96,279,2025-09-20,Pending
INV-994343,PROJ-2024-011,Premier Framing LLC,Framing,19632.27,279,2025-09-14,Paid
INV-612262,PROJ-2024-011,Rock Solid Pour,Concrete,16262.91,289,,Paid
INV-363319,PROJ-2024-011,Rock Solid Pour,Concrete,15366.34,289,2025-10-03,Paid
INV-987204,PROJ-2024-011,Rock Solid Pour,Concrete,15788.27,289,2025-10-14,Paid
INV-765095,PROJ-2024-011,Smooth Walls Inc.,Drywall,37614.83,491,09/30/2025,Paid
INV-544151,PROJ-2024-011,Smooth Walls Inc.,Drywall,37557.27,491,10/03/2025,Paid
INV-103717,PROJ-2024-011,WeatherGuard Roofs,Roofing,41013.18,591,2025-09-06,Paid
INV-449759,PROJ-2024-011,WeatherGuard Roofs,Roofing,40114.49,591,2025-09-11,Paid
INV-908577,PROJ-2024-011,WeatherGuard Roofs,Roofing,40531.22,591,2025-08-26,Paid
INV-374680,PROJ-2024-011,Stonecraft Masonry,Masonry,16011.67,234,2025-09-25,Paid
INV-269430,PROJ-2024-011,Stonecraft Masonry,Masonry,16320.1,234,2025-10-03,Paid
INV-877236,PROJ-2024-011,Stonecraft Masonry,Masonry,15812.03,234,2025-09-27,Pending
INV-563298,PROJ-2024-011,Stonecraft Masonry,Masonry,15978.95,234,,Disputed
INV-110139,PROJ-2024-012,Elite Electric Co.,Electrical,29992.81,450,2025-10-05,Paid
INV-217308,PROJ-2024-012,Elite Electric Co.,Electrical,30035.82,450,2025-10-27,Paid
INV-178898,PROJ-2024-012,Elite Electric Co.,Electrical,30255.41,450,2025-10-15,Paid
INV-824586,PROJ-2024-012,Elite Electric Co.,Electrical,30572.44,450,2025-09-29,Paid
INV-137778,PROJ-2024-012,Pipe Masters,Plumbing,45329.71,569,2025-10-01,Paid
INV-975136,PROJ-2024-012,Pipe Masters,Plumbing,45239.78,569,2025-09-22,Paid
INV-679364,PROJ-2024-012,AirTech Pros,HVAC,26895.81,458,2025-10-12,Pending
INV-255287,PROJ-2024-012,AirTech Pros,HVAC,27120.49,458,2025-10-09,Paid
INV-143860,PROJ-2024-012,Solid Structure Framing,Framing,30469.33,391,2025-09-30,Paid
INV-423232,PROJ-2024-012,Solid Structure Framing,Framing,30774.9,391,2025-09-26,Paid
INV-482364,PROJ-2024-012,Solid Structure Framing,Framing,30455.34,391,2025-09-29,Paid
INV-934794,PROJ-2024-012,Solid Structure Framing,Framing,30313.08,391,2025-09-16,Paid
INV-320281,PROJ-2024-012,Rock Solid Pour,Concrete,14833.95,204,2025-10-12,Paid
INV-815198,PROJ-2024-012,Rock Solid Pour,Concrete,15004.15,204,2025-10-01,Pending
INV-207786,PROJ-2024-012,Smooth Walls Inc.,Drywall,35309.37,628,2025-08-25,Pending
INV-470858,PROJ-2024-012,Smooth Walls Inc.,Drywall,36235.16,628,2025-08-28,Pending
INV-918011,PROJ-2024-012,Smooth Walls Inc.,Drywall,35571.42,628,08/25/2025,Paid
INV-750810,PROJ-2024-012,WeatherGuard Roofs,Roofing,13704.45,174,2025-09-19,Paid
INV-885884,PROJ-2024-012,WeatherGuard Roofs,Roofing,14110.39,174,2025-09-13,Paid
INV-262060,PROJ-2024-012,WeatherGuard Roofs,Roofing,13984.72,174,2025-09-15,Paid
INV-348237,PROJ-2024-012,WeatherGuard Roofs,Roofing,13460.51,174,2025-09-21,Paid
INV-532322,PROJ-2024-012,Stonecraft Masonry,Masonry,54350.75,838,2025-09-15,Paid
INV-125990,PROJ-2024-012,Stonecraft Masonry,Masonry,53756.27,838,2025-09-04,Paid
INV-288073,PROJ-2024-012,Stonecraft Masonry,Masonry,53802.13,838,2025-09-06,Paid
INV-870763,PROJ-2024-013,Voltage Vanguard,Electrical,29729.78,435,2025-09-24,Paid
INV-950132,PROJ-2024-013,Voltage Vanguard,Electrical,30489.39,435,2025-09-12,Paid
INV-360222,PROJ-2024-013,Voltage Vanguard,Electrical,29824.06,435,2025-09-06,Paid
INV-379766,PROJ-2024-013,Voltage Vanguard,Electrical,30104.77,435,2025-09-04,Paid
INV-501124,PROJ-2024-013,Pipe Masters,Plumbing,11933.8,177,2025-08-25,Paid
INV-140605,PROJ-2024-013,Pipe Masters,Plumbing,11763.88,177,08/20/2025,Pending
INV-309267,PROJ-2024-013,Climate Control Inc.,HVAC,10756.26,176,09/10/2025,Paid
INV-956253,PROJ-2024-013,Climate Control Inc.,HVAC,10846.34,176,,Paid
INV-582662,PROJ-2024-013,Climate Control Inc.,HVAC,11435.58,176,2025-10-02,Paid
INV-960394,PROJ-2024-013,Solid Structure Framing,Framing,12810.36,239,2025-10-15,Paid
INV-933980,PROJ-2024-013,Solid Structure Framing,Framing,13295.0,239,2025-10-08,Paid
INV-338651,PROJ-2024-013,Solid Structure Framing,Framing,13413.44,239,2025-10-12,Pending
INV-792094,PROJ-2024-013,Concrete Kings,Concrete,43092.45,677,2025-10-01,Paid
INV-302511,PROJ-2024-013,Concrete Kings,Concrete,42778.51,677,2025-09-14,Paid
INV-517821,PROJ-2024-013,Concrete Kings,Concrete,42761.94,677,2025-09-24,Paid
INV-444207,PROJ-2024-013,Concrete Kings,Concrete,43418.32,677,2025-10-10,Pending
INV-910891,PROJ-2024-013,Smooth Walls Inc.,Drywall,58030.88,930,2025-10-10,Paid
INV-392683,PROJ-2024-013,Smooth Walls Inc.,Drywall,58033.47,930,2025-10-04,Paid
INV-634150,PROJ-2024-013,Top Tier Roofing,Roofing,35953.87,553,2025-08-06,Paid
INV-519093,PROJ-2024-013,Top Tier Roofing,Roofing,36720.32,553,2025-08-19,Paid
INV-812526,PROJ-2024-013,Top Tier Roofing,Roofing,36186.99,553,2025-08-11,Paid
INV-984642,PROJ-2024-013,Top Tier Roofing,Roofing,36628.08,553,2025-08-31,Paid
INV-128941,PROJ-2024-013,Stonecraft Masonry,Masonry,48276.67,626,2025-09-25,Paid
INV-220944,PROJ-2024-013,Stonecraft Masonry,Masonry,48114.14,626,2025-10-10,Paid
INV-373903,PROJ-2024-013,Stonecraft Masonry,Masonry,48398.84,626,10/06/2025,Paid
INV-140115,PROJ-2024-014,Elite Electric Co.,Electrical,39756.91,707,2025-10-01,Paid
INV-213668,PROJ-2024-014,Elite Electric Co.,Electrical,39787.03,707,09/19/2025,Disputed
INV-725550,PROJ-2024-014,Elite Electric Co.,Electrical,39764.31,707,2025-10-15,Paid
INV-555673,PROJ-2024-014,Elite Electric Co.,Electrical,39401.95,707,2025-09-26,Paid
INV-557592,PROJ-2024-014,Flow State Plumbing,Plumbing,25843.1,365,09/01/2025,Paid
INV-735656,PROJ-2024-014,Flow State Plumbing,Plumbing,25174.7,365,2025-08-20,Paid
INV-636265,PROJ-2024-014,Flow State Plumbing,Plumbing,25122.55,365,2025-08-19,Pending
INV-704596,PROJ-2024-014,Climate Control Inc.,HVAC,26933.5,484,2025-09-19,Paid
INV-299312,PROJ-2024-014,Climate Control Inc.,HVAC,27086.53,484,2025-09-19,Paid
INV-843215,PROJ-2024-014,Solid Structure Framing,Framing,9502.81,128,2025-09-25,Paid
INV-557239,PROJ-2024-014,Solid Structure Framing,Framing,9076.13,128,2025-09-19,Pending
INV-101773,PROJ-2024-014,Solid Structure Framing,Framing,8814.77,128,10/08/2025,Paid
INV-645175,PROJ-2024-014,Solid Structure Framing,Framing,9330.49,128,2025-10-01,Paid
INV-306606,PROJ-2024-014,Rock Solid Pour,Concrete,40991.52,808,10/06/2025,Paid
INV-481913,PROJ-2024-014,Rock Solid Pour,Concrete,41082.49,808,09/27/2025,Paid
INV-552248,PROJ-2024-014,Rock Solid Pour,Concrete,41187.38,808,2025-09-11,Paid
INV-446239,PROJ-2024-014,Smooth Walls Inc.,Drywall,19722.68,304,2025-08-30,Paid
INV-753425,PROJ-2024-014,Smooth Walls Inc.,Drywall,20133.21,304,2025-09-01,Pending
INV-854717,PROJ-2024-014,Top Tier Roofing,Roofing,6944.44,108,08/15/2025,Paid
INV-414910,PROJ-2024-014,Top Tier Roofing,Roofing,6194.47,108,2025-08-10,Paid
INV-631756,PROJ-2024-014,Top Tier Roofing,Roofing,6791.4,108,2025-08-19,Paid
INV-424308,PROJ-2024-014,Top Tier Roofing,Roofing,6173.46,108,08/12/2025,Pending
INV-442027,PROJ-2024-014,Stonecraft Masonry,Masonry,10093.64,135,2025-08-24,Paid
INV-521947,PROJ-2024-014,Stonecraft Masonry,Masonry,10544.78,135,2025-08-23,Paid
INV-831076,PROJ-2024-014,Stonecraft Masonry,Masonry,9835.29,135,2025-08-11,Disputed
INV-410016,PROJ-2024-014,Stonecraft Masonry,Masonry,10440.8,135,08/05/2025,Paid
INV-540869,PROJ-2024-015,Elite Electric Co.,Electrical,20548.31,276,2025-10-08,Paid
INV-797229,PROJ-2024-015,Elite Electric Co.,Electrical,20577.75,276,2025-10-13,Pending
INV-497562,PROJ-2024-015,Elite Electric Co.,Electrical,20602.01,276,2025-10-25,Paid
INV-810219,PROJ-2024-015,Elite Electric Co.,Electrical,20303.97,276,2025-10-29,Paid
INV-696750,PROJ-2024-015,Pipe Masters,Plumbing,36353.15,617,2025-10-29,Paid
INV-415568,PROJ-2024-015,Pipe Masters,Plumbing,36323.94,617,2025-10-29,Paid
INV-525800,PROJ-2024-015,Pipe Masters,Plumbing,36818.69,617,10/26/2025,Paid
INV-418635,PROJ-2024-015,Climate Control Inc.,HVAC,8189.85,136,2025-09-29,Paid
INV-400850,PROJ-2024-015,Climate Control Inc.,HVAC,8455.03,136,2025-10-09,Paid
INV-923927,PROJ-2024-015,Solid Structure Framing,Framing,30636.0,507,2025-09-29,Pending
INV-708158,PROJ-2024-015,Solid Structure Framing,Framing,31193.54,507,2025-10-08,Paid
INV-736130,PROJ-2024-015,Solid Structure Framing,Framing,31305.57,507,2025-10-05,Paid
INV-786508,PROJ-2024-015,Solid Structure Framing,Framing,30810.35,507,2025-10-08,Paid
INV-563246,PROJ-2024-015,Rock Solid Pour,Concrete,44049.86,744,2025-10-16,Paid
INV-563638,PROJ-2024-015,Rock Solid Pour,Concrete,44230.63,744,2025-11-07,Paid
INV-808446,PROJ-2024-015,Rock Solid Pour,Concrete,43694.99,744,2025-10-17,Paid
INV-324082,PROJ-2024-015,Rock Solid Pour,Concrete,43302.53,744,2025-10-27,Pending
INV-932291,PROJ-2024-015,Drywall Dash,Drywall,51509.68,952,2025-10-09,Paid
INV-934692,PROJ-2024-015,Drywall Dash,Drywall,51981.0,952,2025-10-13,Paid
INV-188914,PROJ-2024-015,Top Tier Roofing,Roofing,28792.17,481,2025-09-06,Disputed
INV-397571,PROJ-2024-015,Top Tier Roofing,Roofing,29079.47,481,2025-09-06,Paid
INV-640490,PROJ-2024-015,Top Tier Roofing,Roofing,29006.61,481,09/24/2025,Paid
INV-796101,PROJ-2024-015,Top Tier Roofing,Roofing,28968.91,481,2025-09-11,Paid
INV-451470,PROJ-2024-015,Brick By Brick,Masonry,46854.85,686,2025-10-15,Paid
INV-197923,PROJ-2024-015,Brick By Brick,Masonry,46246.2,686,2025-09-19,Paid
INV-958179,PROJ-2024-015,Brick By Brick,Masonry,46031.93,686,2025-10-09,Paid
INV-335552,PROJ-2024-016,Voltage Vanguard,Electrical,21019.31,349,2025-08-04,Paid
INV-945742,PROJ-2024-016,Voltage Vanguard,Electrical,20649.24,349,2025-08-08,Disputed
INV-308802,PROJ-2024-016,Voltage Vanguard,Electrical,20275.77,349,2025-08-17,Paid
INV-148458,PROJ-2024-016,Flow State Plumbing,Plumbing,6534.14,92,2025-09-12,Pending
INV-356736,PROJ-2024-016,Flow State Plumbing,Plumbing,6318.71,92,2025-09-10,Paid
INV-598216,PROJ-2024-016,Flow State Plumbing,Plumbing,6644.45,92,2025-09-06,Paid
INV-577538,PROJ-2024-016,Climate Control Inc.,HVAC,31679.73,459,2025-09-17,Pending
INV-534572,PROJ-2024-016,Climate Control Inc.,HVAC,31013.07,459,09/18/2025,Paid
INV-760356,PROJ-2024-016,Climate Control Inc.,HVAC,31020.48,459,2025-09-27,Paid
INV-853240,PROJ-2024-016,Premier Framing LLC,Framing,23453.03,374,2025-09-09,Paid
INV-830180,PROJ-2024-016,Premier Framing LLC,Framing,23828.91,374,2025-09-28,Disputed
INV-502630,PROJ-2024-016,Premier Framing LLC,Framing,23927.22,374,2025-09-23,Paid
INV-618392,PROJ-2024-016,Premier Framing LLC,Framing,23673.53,374,2025-09-23,Paid
INV-254739,PROJ-2024-016,Concrete Kings,Concrete,14616.71,282,2025-09-06,Paid
INV-787926,PROJ-2024-016,Concrete Kings,Concrete,13949.18,282,2025-08-21,Paid
INV-916232,PROJ-2024-016,Drywall Dash,Drywall,44090.0,610,2025-08-28,Disputed
INV-545798,PROJ-2024-016,Drywall Dash,Drywall,43879.27,610,2025-09-06,Pending
INV-943170,PROJ-2024-016,Top Tier Roofing,Roofing,30714.72,543,2025-09-16,Paid
INV-829716,PROJ-2024-016,Top Tier Roofing,Roofing,31104.96,543,2025-09-28,Paid
INV-643118,PROJ-2024-016,Top Tier Roofing,Roofing,31460.49,543,2025-09-07,Paid
INV-587115,PROJ-2024-016,Top Tier Roofing,Roofing,31470.87,543,2025-09-01,Paid
INV-361303,PROJ-2024-016,Stonecraft Masonry,Masonry,79603.86,1050,2025-09-30,Pending
INV-989545,PROJ-2024-016,Stonecraft Masonry,Masonry,79625.02,1050,2025-09-25,Paid
INV-940346,PROJ-2024-017,Voltage Vanguard,Electrical,6520.47,90,2025-08-13,Disputed
INV-587213,PROJ-2024-017,Voltage Vanguard,Electrical,6998.57,90,2025-08-26,Paid
INV-800005,PROJ-2024-017,Voltage Vanguard,Electrical,7001.51,90,2025-08-22,Paid
INV-656932,PROJ-2024-017,Voltage Vanguard,Electrical,6363.25,90,2025-08-24,Paid
INV-432711,PROJ-2024-017,Flow State Plumbing,Plumbing,15185.57,232,09/16/2025,Paid
INV-891937,PROJ-2024-017,Flow State Plumbing,Plumbing,16015.43,232,09/26/2025,Paid
INV-564071,PROJ-2024-017,Flow State Plumbing,Plumbing,16044.03,232,09/26/2025,Paid
INV-742412,PROJ-2024-017,Flow State Plumbing,Plumbing,15387.86,232,2025-09-18,Pending
INV-970914,PROJ-2024-017,Climate Control Inc.,HVAC,6937.4,112,09/22/2025,Paid
INV-674485,PROJ-2024-017,Climate Control Inc.,HVAC,7015.49,112,2025-09-03,Paid
INV-567574,PROJ-2024-017,Climate Control Inc.,HVAC,6905.47,112,09/12/2025,Paid
INV-266889,PROJ-2024-017,Climate Control Inc.,HVAC,7007.39,112,09/13/2025,Pending
INV-371782,PROJ-2024-017,Solid Structure Framing,Framing,53348.74,835,2025-09-18,Paid
INV-888295,PROJ-2024-017,Solid Structure Framing,Framing,53888.75,835,2025-08-28,Paid
INV-390782,PROJ-2024-017,Concrete Kings,Concrete,55045.79,1000,2025-09-15,Paid
INV-903013,PROJ-2024-017,Concrete Kings,Concrete,54530.18,1000,09/29/2025,Paid
INV-757193,PROJ-2024-017,Drywall Dash,Drywall,30548.62,484,2025-09-06,Paid
INV-350867,PROJ-2024-017,Drywall Dash,Drywall,30788.1,484,08/22/2025,Pending
INV-181247,PROJ-2024-017,Top Tier Roofing,Roofing,41718.26,636,2025-07-30,Paid
INV-848206,PROJ-2024-017,Top Tier Roofing,Roofing,42014.1,636,2025-07-17,Paid
INV-384913,PROJ-2024-017,Brick By Brick,Masonry,37027.54,530,,Pending
INV-452161,PROJ-2024-017,Brick By Brick,Masonry,37440.37,530,2025-09-12,Paid
INV-245095,PROJ-2024-018,Voltage Vanguard,Electrical,21233.82,349,2025-10-03,Pending
INV-258157,PROJ-2024-018,Voltage Vanguard,Electrical,21741.23,349,2025-09-27,Paid
INV-342495,PROJ-2024-018,Voltage Vanguard,Electrical,21853.47,349,2025-10-02,Paid
INV-501641,PROJ-2024-018,Voltage Vanguard,Electrical,22079.43,349,2025-09-25,Paid
INV-167348,PROJ-2024-018,Pipe Masters,Plumbing,27293.58,378,09/16/2025,Paid
INV-535020,PROJ-2024-018,Pipe Masters,Plumbing,26964.13,378,2025-09-22,Paid
INV-668969,PROJ-2024-018,Climate Control Inc.,HVAC,37567.77,698,08/30/2025,Paid
INV-588557,PROJ-2024-018,Climate Control Inc.,HVAC,36910.89,698,2025-09-13,Pending
INV-535970,PROJ-2024-018,Climate Control Inc.,HVAC,36958.35,698,2025-09-10,Paid
INV-973349,PROJ-2024-018,Premier Framing LLC,Framing,23389.4,364,2025-08-19,Pending
INV-540552,PROJ-2024-018,Premier Framing LLC,Framing,24042.44,364,07/24/2025,Paid
INV-829308,PROJ-2024-018,Rock Solid Pour,Concrete,25775.3,442,2025-09-07,Paid
INV-120480,PROJ-2024-018,Rock Solid Pour,Concrete,25274.28,442,,Pending
INV-600149,PROJ-2024-018,Drywall Dash,Drywall,40259.66,675,2025-08-15,Paid
INV-106182,PROJ-2024-018,Drywall Dash,Drywall,40292.7,675,2025-08-10,Paid
INV-468845,PROJ-2024-018,Drywall Dash,Drywall,39670.65,675,2025-07-24,Pending
INV-994905,PROJ-2024-018,Top Tier Roofing,Roofing,11741.39,201,2025-08-07,Paid
INV-976325,PROJ-2024-018,Top Tier Roofing,Roofing,12610.0,201,2025-08-12,Paid
INV-539375,PROJ-2024-018,Top Tier Roofing,Roofing,12558.71,201,08/11/2025,Pending
INV-664365,PROJ-2024-018,Top Tier Roofing,Roofing,12095.9,201,2025-08-03,Paid
INV-331251,PROJ-2024-018,Stonecraft Masonry,Masonry,23800.54,342,08/27/2025,Paid
INV-611945,PROJ-2024-018,Stonecraft Masonry,Masonry,23938.92,342,2025-09-05,Paid
INV-330080,PROJ-2024-018,Stonecraft Masonry,Masonry,23371.71,342,2025-08-22,Pending
INV-386193,PROJ-2024-018,Stonecraft Masonry,Masonry,23293.51,342,2025-09-10,Paid
INV-507746,PROJ-2024-019,Voltage Vanguard,Electrical,31990.4,604,2025-10-25,Paid
INV-452457,PROJ-2024-019,Voltage Vanguard,Electrical,32473.79,604,2025-10-18,Paid
INV-936912,PROJ-2024-019,Flow State Plumbing,Plumbing,8196.16,122,2025-09-04,Paid
INV-523956,PROJ-2024-019,Flow State Plumbing,Plumbing,8259.81,122,2025-08-30,Paid
INV-859359,PROJ-2024-019,Flow State Plumbing,Plumbing,8995.45,122,,Disputed
INV-273061,PROJ-2024-019,Flow State Plumbing,Plumbing,8851.37,122,2025-09-09,Pending
INV-752483,PROJ-2024-019,AirTech Pros,HVAC,44160.53,772,2025-08-08,Pending
INV-660069,PROJ-2024-019,AirTech Pros,HVAC,44529.54,772,,Paid
INV-720644,PROJ-2024-019,Solid Structure Framing,Framing,62005.24,1006,2025-09-15,Pending
INV-691807,PROJ-2024-019,Solid Structure Framing,Framing,62372.66,1006,2025-09-25,Paid
INV-188025,PROJ-2024-019,Rock Solid Pour,Concrete,12583.2,214,2025-09-19,Pending
INV-773971,PROJ-2024-019,Rock Solid Pour,Concrete,12334.94,214,09/14/2025,Paid
INV-584125,PROJ-2024-019,Drywall Dash,Drywall,44071.67,678,,Paid
INV-290556,PROJ-2024-019,Drywall Dash,Drywall,44027.82,678,2025-08-26,Disputed
INV-497519,PROJ-2024-019,Top Tier Roofing,Roofing,7229.25,102,2025-10-26,Disputed
INV-443254,PROJ-2024-019,Top Tier Roofing,Roofing,7498.78,102,2025-10-15,Paid
INV-321941,PROJ-2024-019,Top Tier Roofing,Roofing,7012.34,102,2025-10-09,Paid
INV-576786,PROJ-2024-019,Top Tier Roofing,Roofing,7217.16,102,2025-10-05,Paid
INV-898207,PROJ-2024-019,Stonecraft Masonry,Masonry,49208.2,666,2025-10-23,Paid
INV-497542,PROJ-2024-019,Stonecraft Masonry,Masonry,49589.71,666,2025-10-12,Pending
INV-391773,PROJ-2024-019,Stonecraft Masonry,Masonry,49819.86,666,2025-10-18,Paid
INV-593152,PROJ-2024-020,Elite Electric Co.,Electrical,18300.97,263,2025-10-03,Paid
INV-120324,PROJ-2024-020,Elite Electric Co.,Electrical,18530.21,263,2025-10-09,Paid
INV-466960,PROJ-2024-020,Pipe Masters,Plumbing,29005.26,458,2025-08-24,Paid
INV-335113,PROJ-2024-020,Pipe Masters,Plumbing,28698.37,458,2025-09-02,Paid
INV-781725,PROJ-2024-020,Pipe Masters,Plumbing,29093.56,458,,Paid
INV-171951,PROJ-2024-020,Pipe Masters,Plumbing,28423.93,458,2025-08-27,Paid
INV-890870,PROJ-2024-020,AirTech Pros,HVAC,48991.26,920,2025-10-22,Disputed
INV-132537,PROJ-2024-020,AirTech Pros,HVAC,49241.73,920,2025-10-03,Paid
INV-979995,PROJ-2024-020,Solid Structure Framing,Framing,10501.6,149,09/14/2025,Paid
INV-121369,PROJ-2024-020,Solid Structure Framing,Framing,10442.1,149,2025-09-09,Paid
INV-751517,PROJ-2024-020,Solid Structure Framing,Framing,10641.44,149,2025-09-11,Paid
INV-259784,PROJ-2024-020,Solid Structure Framing,Framing,10909.14,149,2025-09-07,Paid
INV-596564,PROJ-2024-020,Rock Solid Pour,Concrete,19158.96,353,2025-09-22,Paid
INV-801978,PROJ-2024-020,Rock Solid Pour,Concrete,18965.34,353,2025-09-08,Paid
INV-219946,PROJ-2024-020,Rock Solid Pour,Concrete,18417.94,353,2025-09-07,Paid
INV-587623,PROJ-2024-020,Smooth Walls Inc.,Drywall,74520.39,1196,09/21/2025,Pending
INV-833442,PROJ-2024-020,Smooth Walls Inc.,Drywall,73952.44,1196,09/20/2025,Paid
INV-275939,PROJ-2024-020,WeatherGuard Roofs,Roofing,14149.57,279,2025-08-11,Pending
INV-735324,PROJ-2024-020,WeatherGuard Roofs,Roofing,14222.76,279,08/30/2025,Paid
INV-736745,PROJ-2024-020,WeatherGuard Roofs,Roofing,13723.25,279,2025-08-10,Paid
INV-426147,PROJ-2024-020,Brick By Brick,Masonry,12100.33,206,08/27/2025,Pending
INV-213349,PROJ-2024-020,Brick By Brick,Masonry,11985.79,206,2025-09-04,Pending
INV-706794,PROJ-2024-020,Brick By Brick,Masonry,12119.26,206,2025-08-22,Pending
INV-126925,PROJ-2024-020,Brick By Brick,Masonry,11511.15,206,2025-08-30,Pending
